DELETE
FROM "reputation"
WHERE id between 100 and 150;

DELETE
FROM "user_entity"
WHERE id between 100 and 150;

DELETE
FROM "role"
WHERE id in (1, 2);

INSERT INTO "role" ("id", "name") VALUES
                                      (1, 'ROLE_ADMIN'),
                                      (2, 'ROLE_USER');

INSERT INTO "user_entity"
("id", "about", "city", "email", "full_name", "image_link", "is_deleted","is_enabled", "last_redaction_date", "link_github", "link_site", "link_vk", "nickname", "password", "persist_date", "role_id")
VALUES
    (101, 'about0', 'city0', 'super0@gmail.com', 'superfullname0', 'https://img.com/0', false, true, '2023-03-01 13:45:13.087177', 'https://github.com/0', '0.com', 'https://vk.com/0', 'supernickname0', '$2a$10$CedsmtFiFcjwTXltVyPaS.BDiR8BHgu3ibBAE.jvo0s3Skd69LMfm', '2023-03-01 13:45:13.087177', 1),
    (102, 'about1', 'city1', 'super1@gmail.com', 'superfullname1', 'https://img.com/1', false, true, '2023-03-01 13:45:13.157876', 'https://github.com/1', '1.com', 'https://vk.com/1', 'supernickname1', '$2a$10$tzt5G/kpUYKwW1J5poHcG.eOJFnuUWk336HgmLYYqUMAaLsteGj/W', '2023-03-01 13:45:13.157876', 1),
    (103, 'about2', 'city2', 'super2@gmail.com', 'superfullname2', 'https://img.com/2', false, true, '2023-03-01 13:45:13.228975', 'https://github.com/2', '2.com', 'https://vk.com/2', 'supernickname2', '$2a$10$ik1ZSY50/K1610/r1uPCaOqeUk5NS25g9iJbZP2uJ0SyhWjz5Cdq6', '2023-03-01 13:45:13.228975', 1),
    (104, 'about3', 'city3', 'super3@gmail.com', 'superfullname3', 'https://img.com/3', false, true, '2023-03-01 13:45:13.296487', 'https://github.com/3', '3.com', 'https://vk.com/3', 'supernickname3', '$2a$10$137l1tGJAY.cjRAOTT.ATO1dNzezqGtcatZFX21Iqa/1NdStQcUMC', '2023-03-01 13:45:13.296487', 1),
    (105, 'about4', 'city4', 'super4@gmail.com', 'superfullname4', 'https://img.com/4', false, true, '2023-03-01 13:45:13.362387', 'https://github.com/4', '4.com', 'https://vk.com/4', 'supernickname4', '$2a$10$DxNa.GJfhJsSDgjI1exiiOE8v9fp6xty.wAOi8wC0jE3bZtuAkvLm', '2023-03-01 13:45:13.362387', 1),
    (106, 'about0', 'city0', '0@gmail.com', 'fullname0', 'https://img.com/0', false, true, '2023-03-01 13:45:13.42879', 'https://github.com/0', '0.com', 'https://vk.com/0', 'nickname0', '$2a$10$i/0lEwj/muRl8KlMwOxfB.ZrWdn2wGdf2hXk0zDdv1QINHQ/06FLm', '2023-03-01 13:45:13.42879', 2),
    (107, 'about1', 'city1', '1@gmail.com', 'fullname1', 'https://img.com/1', false, true, '2023-03-01 13:45:13.496799', 'https://github.com/1', '1.com', 'https://vk.com/1', 'nickname1', '$2a$10$n407wDJOGs5GSAV/hSpTReJf3mCGQFCljB3J5P8ejto0Sxc5UNKWa', '2023-03-01 13:45:13.496799', 2),
    (108, 'about2', 'city2', '2@gmail.com', 'fullname2', 'https://img.com/2', false, true, '2023-03-01 13:45:13.563375', 'https://github.com/2', '2.com', 'https://vk.com/2', 'nickname2', '$2a$10$740WgJpe4J06777v8sMD6exrcjQyafTLNvN56ilAXxF5GqxfKqgjC', '2023-03-01 13:45:13.563375', 2),
    (109, 'about3', 'city3', '3@gmail.com', 'fullname3', 'https://img.com/3', false, true, '2023-03-01 13:45:13.631383', 'https://github.com/3', '3.com', 'https://vk.com/3', 'nickname3', '$2a$10$6vYbC2Bb8jHtY8mMmPTTo.79Y1ckReyzVQsr10CboktgsoxCxhIFO', '2023-03-01 13:45:13.631383', 2),
    (110, 'about4', 'city4', '4@gmail.com', 'fullname4', 'https://img.com/4', false, true, '2023-03-01 13:45:13.69844', 'https://github.com/4', '4.com', 'https://vk.com/4', 'nickname4', '$2a$10$9RTuQcqtHMt6J9i7ONyznelYVRCrRp6Z3zKmiUg0ulgULyjs0XIem', '2023-03-01 13:45:13.69844', 2),
    (111, 'about5', 'city5', '5@gmail.com', 'fullname5', 'https://img.com/5', false, true, '2023-03-01 13:45:13.76366', 'https://github.com/5', '5.com', 'https://vk.com/5', 'nickname5', '$2a$10$STxp2IlLSM1EJYG3/1ynuemJe7wvROVBiVJLrkW7GnLGikLW1IXxC', '2023-03-01 13:45:13.76366', 2),
    (112, 'about6', 'city6', '6@gmail.com', 'fullname6', 'https://img.com/6', false, true, '2023-03-01 13:45:13.829824', 'https://github.com/6', '6.com', 'https://vk.com/6', 'nickname6', '$2a$10$NcWcojN/unz5RiMB24xc7upzmvIqt9AKvJUIzROE2ORbtx/nmvLk6', '2023-03-01 13:45:13.829824', 2),
    (113, 'about7', 'city7', '7@gmail.com', 'fullname7', 'https://img.com/7', false, true, '2023-03-01 13:45:13.895387', 'https://github.com/7', '7.com', 'https://vk.com/7', 'nickname7', '$2a$10$NxRBiFOwawU0LvqQNK6SqOGdYEKO1fG8Yt3/GdQ.eHoHePC8waOGq', '2023-03-01 13:45:13.895387', 2),
    (114, 'about8', 'city8', '8@gmail.com', 'fullname8', 'https://img.com/8', false, true, '2023-03-01 13:45:13.960519', 'https://github.com/8', '8.com', 'https://vk.com/8', 'nickname8', '$2a$10$nkvFZqciuEK.0Sn8vv8qjONxGycsoST8FRhco9VBJ0iX2vbIjcTk.', '2023-03-01 13:45:13.960519', 2),
    (115, 'about9', 'city9', '9@gmail.com', 'fullname9', 'https://img.com/9', false, true, '2023-03-01 13:45:14.026903', 'https://github.com/9', '9.com', 'https://vk.com/9', 'nickname9', '$2a$10$lav1TEyEmcHFj5lByiRrP.ElP5qRaynEDiPlkIRwprqGTHQGagf4i', '2023-03-01 13:45:14.026903', 2),
    (116, 'about10', 'city10', '10@gmail.com', 'fullname10', 'https://img.com/10', false, true, '2023-03-01 13:45:14.026903', 'https://github.com/10', '10.com', 'https://vk.com/10', 'nickname10', '$2a$10$UoNYYBoXu3CnzsPV0pdldujSaK0mox2Yvtd8vkOQUyUpazWweAbBK', '2023-03-01 13:45:14.026903', 2),
    (117, 'about11', 'city11', '11@gmail.com', 'fullname11', 'https://img.com/11', false, true, '2023-03-01 13:45:14.160364', 'https://github.com/11', '11.com', 'https://vk.com/11', 'nickname11', '$2a$10$Gbu/5G0fT108jk6Zs04XkeYQc1OwDvzfPcUlY/zEvsh6AauLPoD72', '2023-03-01 13:45:14.160364', 2),
    (118, 'about12', 'city12', '12@gmail.com', 'fullname12', 'https://img.com/12', false, true, '2023-03-01 13:45:14.225255', 'https://github.com/12', '12.com', 'https://vk.com/12', 'nickname12', '$2a$10$oHiee4pDJShh1dxtpoTXQeEzFlqbM7o./dMYJwv8/.jKAA.WdzhqW', '2023-03-01 13:45:14.225255', 2),
    (119, 'about13', 'city13', '13@gmail.com', 'fullname13', 'https://img.com/13', false, true, '2023-03-01 13:45:14.290332', 'https://github.com/13', '13.com', 'https://vk.com/13', 'nickname13', '$2a$10$tTaW2YOB87Gyvp2Xvl/BAuxWbcpmm0cueSbsw79hxFxtrX.5NUFb.', '2023-03-01 13:45:14.290332', 2),
    (120, 'about14', 'city14', '14@gmail.com', 'fullname14', 'https://img.com/14', false, true, '2023-03-01 13:45:14.355165', 'https://github.com/14', '14.com', 'https://vk.com/14', 'nickname14', '$2a$10$/QGaSIH.0QisuNhHptFGveaG4kIn2p89f9weUtt7vTs01/4EAINPm', '2023-03-01 13:45:14.355165', 2),
    (121, 'about15', 'city15', '15@gmail.com', 'fullname15', 'https://img.com/15', false, true, '2023-03-01 13:45:14.419154', 'https://github.com/15', '15.com', 'https://vk.com/15', 'nickname15', '$2a$10$qNquLWmQt0Izb1o8XX9G5..HLR9GssgD6JOedCIxrCJnVkA8.qRmu', '2023-03-01 13:45:14.419154', 2),
    (122, 'about16', 'city16', '16@gmail.com', 'fullname16', 'https://img.com/16', false, true, '2023-03-01 13:45:14.483316', 'https://github.com/16', '16.com', 'https://vk.com/16', 'nickname16', '$2a$10$wqnw0jPIlNq.ojh8hwirOutZqh7ROc8MbsmgONfwbkjWbG9u2YsbS', '2023-03-01 13:45:14.483316', 2),
    (123, 'about17', 'city17', '17@gmail.com', 'fullname17', 'https://img.com/17', false, true, '2023-03-01 13:45:14.54963', 'https://github.com/17', '17.com', 'https://vk.com/17', 'nickname17', '$2a$10$CrvoG.cRntNgJcC0VFnFAudL.9DHNxnwaqElpSiJEnv6NiIrHN39a', '2023-03-01 13:45:14.54963', 2),
    (124, 'about18', 'city18', '18@gmail.com', 'fullname18', 'https://img.com/18', false, true, '2023-03-01 13:45:14.615154', 'https://github.com/18', '18.com', 'https://vk.com/18', 'nickname18', '$2a$10$ygnmEowoy7eSY.VHht1iTuFFuq0qRd7e0TeqiK8DcMZ8bsU7RtTeO', '2023-03-01 13:45:14.615154', 2),
    (125, 'about19', 'city19', '19@gmail.com', 'fullname19', 'https://img.com/19', false, true, '2023-03-01 13:45:14.683813', 'https://github.com/19', '19.com', 'https://vk.com/19', 'nickname19', '$2a$10$RXHpGJHdui.b3LOLOieSN.zVI2Bz/9X0hVMan15KiliVGU9I0C.16', '2023-03-01 13:45:14.683813', 2),
    (126, 'about20', 'city20', '20@gmail.com', 'fullname20', 'https://img.com/20', false, true, '2023-03-01 13:45:14.747262', 'https://github.com/20', '20.com', 'https://vk.com/20', 'nickname20', '$2a$10$gmvY8YEkxvdq1AOYNgTHr./d.0Ql7mqme78aFfJpfUti4q2qAkl4O', '2023-03-01 13:45:14.747262', 2),
    (127, 'about21', 'city21', '21@gmail.com', 'fullname21', 'https://img.com/21', false, true, '2023-03-01 13:45:14.811525', 'https://github.com/21', '21.com', 'https://vk.com/21', 'nickname21', '$2a$10$oV3mY7Wn3rFuIf5IbCQPBuESBV0czy3u5ElpMgH.uqLme/FNGX5qm', '2023-03-01 13:45:14.811525', 2),
    (128, 'about22', 'city22', '22@gmail.com', 'fullname22', 'https://img.com/22', false, true, '2023-03-01 13:45:14.875985', 'https://github.com/22', '22.com', 'https://vk.com/22', 'nickname22', '$2a$10$sNJX.CjWUZfg3ITP/IoeR.SsU.WLmH7bZw1A5iAfxB/aabEOtoorC', '2023-03-01 13:45:14.875985', 2),
    (129, 'about23', 'city23', '23@gmail.com', 'fullname23', 'https://img.com/23', false, true, '2023-03-01 13:45:14.940693', 'https://github.com/23', '23.com', 'https://vk.com/23', 'nickname23', '$2a$10$AXBnkNrpoJDTwntU1h8SDOLjppeTrROfuvT1icA6KYA9VCmvSa7Xe', '2023-03-01 13:45:14.940693', 2),
    (130, 'about24', 'city24', '24@gmail.com', 'fullname24', 'https://img.com/24', false, true, '2023-03-01 13:45:15.005737', 'https://github.com/24', '24.com', 'https://vk.com/24', 'nickname24', '$2a$10$LaQWpvI30CAoLJX6UDuYPO4EIhDJSgu1CqlAqwbFI4wiLqnzTx.XS', '2023-03-01 13:45:15.005737', 2),
    (131, 'about25', 'city25', '25@gmail.com', 'fullname25', 'https://img.com/25', false, true, '2023-03-01 13:45:15.071231', 'https://github.com/25', '25.com', 'https://vk.com/25', 'nickname25', '$2a$10$7N2VIP1RUv7rCuulSqZYvOY2sG9CALfvCD2wMVT8VgKKTvqFy0C1G', '2023-03-01 13:45:15.071231', 2),
    (132, 'about26', 'city26', '26@gmail.com', 'fullname26', 'https://img.com/26', false, true, '2023-03-01 13:45:15.136808', 'https://github.com/26', '26.com', 'https://vk.com/26', 'nickname26', '$2a$10$.kUKVifM3H5g1xaBuf8NjOue5zigzOqtOorgNt4oyskGIFalvKK5u', '2023-03-01 13:45:15.136808', 2),
    (133, 'about27', 'city27', '27@gmail.com', 'fullname27', 'https://img.com/27', false, true, '2023-03-01 13:45:15.200586', 'https://github.com/27', '27.com', 'https://vk.com/27', 'nickname27', '$2a$10$/W0Ko2B0QGnYBYt0QCe9D.YO/kFQa/MljXpucK89jGIbNL5Wfjdtq', '2023-03-01 13:45:15.200586', 2),
    (134, 'about28', 'city28', '28@gmail.com', 'fullname28', 'https://img.com/28', false, true, '2023-03-01 13:45:15.265386', 'https://github.com/28', '28.com', 'https://vk.com/28', 'nickname28', '$2a$10$yobVb1lb2vagfF7mU68xU.lxLSpcqKQwTV7AtV0WF0dwwZ0NqFqA6', '2023-03-01 13:45:15.265386', 2),
    (135, 'about29', 'city29', '29@gmail.com', 'fullname29', 'https://img.com/29', false, true, '2023-03-01 13:45:15.331831', 'https://github.com/29', '29.com', 'https://vk.com/29', 'nickname29', '$2a$10$2lHHf6gNF.lwrRbCbvBb/.3xuVaXL389iAsVKbR88P0ilMP0ee.5S', '2023-03-01 13:45:15.331831', 2),
    (136, 'about30', 'city30', '30@gmail.com', 'fullname30', 'https://img.com/30', false, true, '2023-03-01 13:45:15.395709', 'https://github.com/30', '30.com', 'https://vk.com/30', 'nickname30', '$2a$10$EzfirwJKdsyTtwbp93MCKeTQkAFZQ3/GJQt.1P4xZy6FOqBMkraxi', '2023-03-01 13:45:15.395709', 2),
    (137, 'about31', 'city31', '31@gmail.com', 'fullname31', 'https://img.com/31', false, true, '2023-03-01 13:45:15.461396', 'https://github.com/31', '31.com', 'https://vk.com/31', 'nickname31', '$2a$10$4ZlP0X3M5h8I0GIiMb05Jescbebe7prVhstaKSd2E25Vv5K4KFGQq', '2023-03-01 13:45:15.461396', 2),
    (138, 'about32', 'city32', '32@gmail.com', 'fullname32', 'https://img.com/32', false, true, '2023-03-01 13:45:15.525161', 'https://github.com/32', '32.com', 'https://vk.com/32', 'nickname32', '$2a$10$zBYiyopablkKTu36QvJZYep4KkW5C1YePMkO6Slu.TBrJ.85QLSLm', '2023-03-01 13:45:15.526162', 2),
    (139, 'about33', 'city33', '33@gmail.com', 'fullname33', 'https://img.com/33', false, true, '2023-03-01 13:45:15.590144', 'https://github.com/33', '33.com', 'https://vk.com/33', 'nickname33', '$2a$10$tylb03GEdNfKRvS13SCSiO0KmeM.pYU.16AbedbN3r.GDKhrm69SO', '2023-03-01 13:45:15.590144', 2),
    (140, 'about34', 'city34', '34@gmail.com', 'fullname34', 'https://img.com/34', false, true, '2023-03-01 13:45:15.654292', 'https://github.com/34', '34.com', 'https://vk.com/34', 'nickname34', '$2a$10$wBw6BEkvFFUbGx.Y2el7c.V2waOcrpk1PUtF1ILUo.kUavzLouC66', '2023-03-01 13:45:15.654292', 2),
    (141, 'about35', 'city35', '35@gmail.com', 'fullname35', 'https://img.com/35', false, true, '2023-03-01 13:45:15.719303', 'https://github.com/35', '35.com', 'https://vk.com/35', 'nickname35', '$2a$10$OkW5l3n6vUU9sIIv0RErsu5cUK5z5AdTUKfcGHqkG0Mebh/7QuP7q', '2023-03-01 13:45:15.719303', 2),
    (142, 'about36', 'city36', '36@gmail.com', 'fullname36', 'https://img.com/36', false, true, '2023-03-01 13:45:15.784035', 'https://github.com/36', '36.com', 'https://vk.com/36', 'nickname36', '$2a$10$ujffeYAkbuZGdj6n2LfXR.Nomci.4E3f9jnV8WPKLOQBeXJoiZnzW', '2023-03-01 13:45:15.784035', 2),
    (143, 'about37', 'city37', '37@gmail.com', 'fullname37', 'https://img.com/37', false, true, '2023-03-01 13:45:15.850195', 'https://github.com/37', '37.com', 'https://vk.com/37', 'nickname37', '$2a$10$W11CbmhX2haINzx5K/Iu1eO7FQUWWozuOyyn0zM0QnE7LKl.xAGAa', '2023-03-01 13:45:15.850195', 2),
    (144, 'about38', 'city38', '38@gmail.com', 'fullname38', 'https://img.com/38', false, true, '2023-03-01 13:45:15.915065', 'https://github.com/38', '38.com', 'https://vk.com/38', 'nickname38', '$2a$10$6KvlPXaYoSBLlpgS5G15JuzHhxjrtnC1EJGGzBIMQN4lue0xI9Oya', '2023-03-01 13:45:15.915065', 2),
    (145, 'about39', 'city39', '39@gmail.com', 'fullname39', 'https://img.com/39', false, true, '2023-03-01 13:45:15.979292', 'https://github.com/39', '39.com', 'https://vk.com/39', 'nickname39', '$2a$10$x6oQDjcf0VH9OpSEjndCM.9ra1a.VgscRX/lfHXbjIR/MF.yTpOoe', '2023-03-01 13:45:15.979292', 2),
    (146, 'about40', 'city40', '40@gmail.com', 'fullname40', 'https://img.com/40', false, true, '2023-03-01 13:45:16.043999', 'https://github.com/40', '40.com', 'https://vk.com/40', 'nickname40', '$2a$10$Tw/32q1.kcAUdUSqabfDDuJPxMhY9WnReSODHCp9w/kvoswBWdQMW', '2023-03-01 13:45:16.043999', 2),
    (147, 'about41', 'city41', '41@gmail.com', 'fullname41', 'https://img.com/41', false, true, '2023-03-01 13:45:16.110038', 'https://github.com/41', '41.com', 'https://vk.com/41', 'nickname41', '$2a$10$vbGfoZEIl34DWMkOGIyHBe0RspNJS8cSr6sa4eunW5a8F7MFQyik6', '2023-03-01 13:45:16.110038', 2),
    (148, 'about42', 'city42', '42@gmail.com', 'fullname42', 'https://img.com/42', false, true, '2023-03-01 13:45:16.173683', 'https://github.com/42', '42.com', 'https://vk.com/42', 'nickname42', '$2a$10$.kSnart1bZAeglW5xrmCSeVexy0MMMc8K5Wqk30V347XJacG56D5u', '2023-03-01 13:45:16.173683', 2),
    (149, 'about43', 'city43', '43@gmail.com', 'fullname43', 'https://img.com/43', false, true, '2023-03-01 13:45:16.238715', 'https://github.com/43', '43.com', 'https://vk.com/43', 'nickname43', '$2a$10$IXZxydcJveKfmSA22w25mOmOOqqS1b8AcHEImzXUJVy1zDlZLqg8C', '2023-03-01 13:45:16.238715', 2),
    (150, 'about44', 'city44', '44@gmail.com', 'fullname44', 'https://img.com/44', false, true, '2023-03-01 13:45:16.305423', 'https://github.com/44', '44.com', 'https://vk.com/44', 'nickname44', '$2a$10$9AWvRASldJbA8wW4oF5j2eM93tOrMELP2ArqzA6AIkaNfV1iuA4se', '2023-03-01 13:45:16.305423', 2);

INSERT INTO "reputation" ("id", "count", "type", "author_id") VALUES
    (101, 1, 1, 101),
    (102, 2, 1, 102),
    (103, 3, 1, 103),
    (104, 4, 1, 104),
    (105, 5, 1, 105),
    (106, 6, 1, 106),
    (107, 7, 1, 107),
    (108, 8, 1, 108),
    (109, 9, 1, 109),
    (110, 10, 1, 110),
    (111, 11, 1, 111),
    (112, 12, 1, 112),
    (113, 13, 1, 113),
    (114, 14, 1, 114),
    (115, 15, 1, 115),
    (116, 16, 1, 116),
    (117, 17, 1, 117),
    (118, 18, 1, 118),
    (119, 19, 1, 119),
    (120, 20, 1, 120),
    (121, 21, 1, 121),
    (122, 22, 1, 122),
    (123, 23, 1, 123),
    (124, 24, 1, 124),
    (125, 25, 1, 125),
    (126, 26, 1, 126),
    (127, 27, 1, 127),
    (128, 28, 1, 128),
    (129, 29, 1, 129),
    (130, 30, 1, 130),
    (131, 31, 1, 131),
    (132, 32, 1, 132),
    (133, 33, 1, 133),
    (134, 34, 1, 134),
    (135, 35, 1, 135),
    (136, 36, 1, 136),
    (137, 37, 1, 137),
    (138, 38, 1, 138),
    (139, 39, 1, 139),
    (140, 40, 1, 140),
    (141, 41, 1, 141),
    (142, 42, 1, 142),
    (143, 43, 1, 143),
    (144, 44, 1, 144),
    (145, 45, 1, 145),
    (146, 46, 1, 146),
    (147, 47, 1, 147),
    (148, 48, 1, 148),
    (149, 49, 1, 149),
    (150, 50, 1, 150);
