INSERT INTO "role"
    ("id", "name")
VALUES (100, 'ROLE_ADMIN'),
       (200, 'ROLE_USER');
INSERT INTO "user_entity"
("id", "about", "city", "email", "full_name", "image_link", "is_deleted",
 "is_enabled", "last_redaction_date", "link_github", "link_site", "link_vk",
 "nickname", "password", "persist_date", "role_id")
VALUES (100, 'about', 'moscow', '0@gmail.com', 'name1', 'http://imagelink1.com', 'f', 't',
        '2023-01-10 15:17:18.280368', 'http://github.com/1', 'http://site1.com', 'http://vk.com/1',
        'nickname1', '$2a$10$/Hq12PgE.XuzB3ZizNOIXuBnCjyK/9/oHJ1Y/FRPbJZO8jSBzD1F.', '2023-01-21 15:17:18.280368', 200),
       (101, 'about', 'spb', 'email2@domain.com', 'name2', 'http://imagelink2.com', 'f', 't',
        '2023-01-10 15:17:18.280368', 'http://github.com/4', 'http://site2.com', 'http://vk.com/2',
        'nickname2', 'password', '2023-01-21 15:17:18.280368', 200),
       (102, 'about', 'NY', 'email3@domain.com', 'name3', 'http://imagelink3.com', 'f', 't',
        '2023-01-10 15:17:18.280368', 'http://github.com/3', 'http://site3.com', 'http://vk.com/3',
        'nickname3', 'password', '2023-01-21 15:17:18.280368', 100),
       (103, 'about', 'spb', 'email4@domain.com', 'name4', 'http://imagelink4.com', 'f', 't',
        '2023-01-10 15:17:18.280368', 'http://github.com/4', 'http://site4.com', 'http://vk.com/4',
        'nickname4', 'password', '2023-01-21 15:17:18.280368', 200),
       (104, 'about', 'spb', 'email5@domain.com', 'name5', null, 'f', 't',
        '2023-01-10 15:17:18.280368', 'http://github.com/5', 'http://site5.com', 'http://vk.com/5',
        'nickname5', 'password', '2023-01-21 15:17:18.280368', 100),
       (105, 'about', 'spb', 'email5@domain.com', 'name5', null, 'f', 't',
        '2023-01-10 15:17:18.280368', 'http://github.com/5', 'http://site5.com', 'http://vk.com/5',
        'nickname5', 'password', '2023-01-21 15:17:18.280368', 100),
       (106, 'about', 'spb', 'email5@domain.com', 'name5', null, 'f', 't',
        '2023-01-10 15:17:18.280368', 'http://github.com/5', 'http://site5.com', 'http://vk.com/5',
        'nickname5', 'password', '2023-01-21 15:17:18.280368', 100),
       (107, 'about', 'spb', 'email5@domain.com', 'name5', null, 'f', 't',
        '2023-01-10 15:17:18.280368', 'http://github.com/5', 'http://site5.com', 'http://vk.com/5',
        'nickname5', 'password', '2023-01-21 15:17:18.280368', 100),
       (108, 'about', 'spb', 'email5@domain.com', 'name5', null, 'f', 't',
        '2023-01-10 15:17:18.280368', 'http://github.com/5', 'http://site5.com', 'http://vk.com/5',
        'nickname5', 'password', '2023-01-21 15:17:18.280368', 100);

INSERT INTO "question"
("id", "description", "is_deleted", "last_redaction_date", "persist_date", "title", "user_id")
VALUES (100, 'description1', 'false', '2023-01-27 13:01:11.245126', '2023-01-27 13:01:11.245126', 'title1', 100),
       (101, 'description2', 'false', '2023-01-27 13:01:11.245127', '2023-01-27 13:01:11.245127', 'title2', 101),
       (102, 'description3', 'false', '2023-01-27 13:01:11.245128', '2023-01-27 13:01:11.245128', 'title3', 102),
       (103, 'description4', 'false', '2023-01-27 13:01:11.245129', '2023-03-27 13:01:11.245129', 'title4', 103),
       (104, 'description5', 'false', '2023-01-27 13:01:11.245130', '2023-03-27 13:01:11.245130', 'title5', 104),
       (105, 'description6', 'false', '2023-01-27 13:01:11.245131', '2023-03-27 13:01:11.245131', 'title6', 100),
       (106, 'description7', 'false', '2023-01-27 13:01:11.245132', '2023-01-27 13:01:11.245132', 'title7', 101),
       (107, 'description8', 'false', '2023-01-27 13:01:11.245133', '2023-01-27 13:01:11.245133', 'title8', 102),
       (108, 'description9', 'false', '2023-01-27 13:01:11.245134', '2023-01-27 13:01:11.245134', 'title9', 103),
       (109, 'description10', 'false', '2023-01-27 13:01:11.245135', '2023-03-27 13:01:11.245135', 'title10', 104),
       (110, 'description11', 'false', '2023-01-27 13:01:11.245136', '2023-03-27 13:01:11.245136', 'title11', 100),
       (111, 'description12', 'false', '2023-01-27 13:01:11.245137', '2023-03-27 13:01:11.245137', 'title12', 101),
       (112, 'description13', 'false', '2023-01-27 13:01:11.245138', '2023-04-27 13:01:11.245138', 'title13', 102),
       (113, 'description14', 'false', '2023-01-27 13:01:11.245139', '2023-04-27 13:01:11.245139', 'title14', 103),
       (114, 'description15', 'false', '2023-01-27 13:01:11.245140', '2023-04-27 13:01:11.245140', 'title15', 104);

INSERT INTO "tag"
("id", "description", "name", "persist_date")
VALUES (100, 'description1', 'name1', '2023-01-27 13:01:11.245126'),
       (101, 'description2', 'name2', '2023-01-27 13:01:11.245126'),
       (102, 'description3', 'name3', '2023-01-27 13:01:11.245126'),
       (103, 'description4', 'name4', '2023-01-27 13:01:11.245126'),
       (104, 'description5', 'name5', '2023-01-27 13:01:11.245126'),
       (105, 'description5', 'name6', '2023-01-27 13:01:11.245126'),
       (106, 'description5', 'name7', '2023-01-27 13:01:11.245126'),
       (107, 'description5', 'name8', '2023-01-27 13:01:11.245126'),
       (108, 'description5', 'name9', '2023-01-27 13:01:11.245126'),
       (109, 'description5', 'name10', '2023-01-27 13:01:11.245126'),
       (110, 'description5', 'name11', '2023-01-27 13:01:11.245126'),
       (111, 'description5', 'name12', '2023-01-27 13:01:11.245126'),
       (112, 'description5', 'name13', '2023-01-27 13:01:11.245126'),
       (113, 'description5', 'name14', '2023-01-27 13:01:11.245126'),
       (114, 'description5', 'name15', '2023-01-27 13:01:11.245126');

INSERT INTO "question_has_tag"
("question_id", "tag_id")
VALUES (100, 100),
       (100, 103),
       (101, 101),
       (101, 104),
       (102, 102),
       (102, 105),
       (103, 103),
       (103, 106),
       (104, 104),
       (104, 100),
       (105, 105),
       (105, 101),
       (106, 106),
       (106, 108),
       (107, 102),
       (107, 103),
       (108, 101),
       (108, 104),
       (109, 102),
       (109, 105),
       (110,105),
       (111,105),
       (112,105),
       (113,105),
       (114,105);


INSERT INTO "answer"
("id", "date_accept_time", "html_body", "is_deleted", "is_deleted_by_moderator", "is_helpful", "persist_date",
 "update_date", "question_id", "user_id")
VALUES (100, '2023-01-27 13:01:11.245126', 'html_body1', 'false', 'false', 'true', '2023-01-27 13:01:11.245126',
        '2023-01-27 13:01:11.245126', 104, 101),
       (101, '2023-01-27 13:01:11.245126', 'html_body2', 'false', 'false', 'true', '2023-02-27 13:01:11.245126',
        '2023-01-27 13:01:11.245126', 101, 103),
       (102, '2023-01-27 13:01:11.245126', 'html_body3', 'false', 'false', 'true', '2023-02-27 13:01:11.245126',
        '2023-01-27 13:01:11.245126', 101, 103),
       (103, '2023-01-27 13:01:11.245126', 'html_body4', 'false', 'false', 'true', '2023-02-27 13:01:11.245126',
        '2023-01-27 13:01:11.245126', 101, 104),
       (104, '2023-01-27 13:01:11.245126', 'html_body5', 'false', 'false', 'true', '2023-02-27 13:01:11.245126',
        '2023-01-27 13:01:11.245126', 101, 105),
       (105, '2023-01-27 13:01:11.245126', 'html_body5', 'false', 'false', 'true', '2023-02-27 13:01:11.245126',
        '2023-01-27 13:01:11.245126', 101, 106),
       (106, '2023-01-27 13:01:11.245126', 'html_body5', 'false', 'false', 'true', '2023-02-27 13:01:11.245126',
        '2023-01-27 13:01:11.245126', 101, 100),
       (107, '2023-01-27 13:01:11.245126', 'html_body5', 'false', 'false', 'true', '2023-02-27 13:01:11.245126',
        '2023-01-27 13:01:11.245126', 101, 100),
       (108, '2023-01-27 13:01:11.245126', 'html_body5', 'false', 'false', 'true', '2023-03-27 13:01:11.245126',
        '2023-01-27 13:01:11.245126', 102, 101),
       (109, '2023-01-27 13:01:11.245126', 'html_body5', 'false', 'false', 'true', '2023-03-27 13:01:11.245126',
        '2023-01-27 13:01:11.245126', 102, 102),
       (110, '2023-01-27 13:01:11.245126', 'html_body5', 'false', 'false', 'true', '2023-03-27 13:01:11.245126',
        '2023-01-27 13:01:11.245126', 102, 103),
       (111, '2023-01-27 13:01:11.245126', 'html_body5', 'false', 'false', 'true', '2023-03-27 13:01:11.245126',
        '2023-01-27 13:01:11.245126', 102, 104),
       (112, '2023-01-27 13:01:11.245126', 'html_body5', 'false', 'false', 'true', '2023-03-27 13:01:11.245126',
        '2023-01-27 13:01:11.245126', 102, 105),
       (113, '2023-01-27 13:01:11.245126', 'html_body5', 'false', 'false', 'true', '2023-03-27 13:01:11.245126',
        '2023-01-27 13:01:11.245126', 102, 106),
       (114, '2023-01-27 13:01:11.245126', 'html_body5', 'false', 'false', 'true', '2023-03-27 13:01:11.245126',
        '2023-01-27 13:01:11.245126', 102, 107),
       (115, '2023-01-27 13:01:11.245126', 'html_body5', 'false', 'false', 'true', '2023-02-27 13:01:11.245126',
        '2023-01-27 13:01:11.245126', 100, 101),
       (116, '2023-01-27 13:01:11.245126', 'html_body5', 'false', 'false', 'true', '2023-02-27 13:01:11.245126',
        '2023-01-27 13:01:11.245126', 100, 102),
       (117, '2023-01-27 13:01:11.245126', 'html_body5', 'false', 'false', 'true', '2023-02-27 13:01:11.245126',
        '2023-01-27 13:01:11.245126', 100, 103),
       (118, '2023-01-27 13:01:11.245126', 'html_body5', 'false', 'false', 'true', '2023-02-27 13:01:11.245126',
        '2023-01-27 13:01:11.245126', 100, 104),
       (119, '2023-01-27 13:01:11.245126', 'html_body5', 'false', 'false', 'true', '2023-02-27 13:01:11.245126',
        '2023-01-27 13:01:11.245126', 100, 105),
       (120, '2023-01-27 13:01:11.245126', 'html_body5', 'false', 'false', 'true', '2023-02-27 13:01:11.245126',
        '2023-01-27 13:01:11.245126', 100, 106),
       (121, '2023-01-27 13:01:11.245126', 'html_body5', 'false', 'false', 'true', '2023-03-27 13:01:11.245126',
        '2023-01-27 13:01:11.245126', 100, 107),
       (123, '2023-01-27 13:01:11.245126', 'html_body5', 'false', 'false', 'true', '2023-03-27 13:01:11.245126',
        '2023-01-27 13:01:11.245126', 103, 101),
       (124, '2023-01-27 13:01:11.245126', 'html_body5', 'false', 'false', 'true', '2023-03-27 13:01:11.245126',
        '2023-01-27 13:01:11.245126', 103, 102),
       (125, '2023-01-27 13:01:11.245126', 'html_body5', 'false', 'false', 'true', '2023-03-27 13:01:11.245126',
        '2023-01-27 13:01:11.245126', 103, 103),
       (126, '2023-01-27 13:01:11.245126', 'html_body5', 'false', 'false', 'true', '2023-03-27 13:01:11.245126',
        '2023-01-27 13:01:11.245126', 103, 104),
       (127, '2023-01-27 13:01:11.245126', 'html_body5', 'false', 'false', 'true', '2023-03-27 13:01:11.245126',
        '2023-01-27 13:01:11.245126', 103, 105),
       (128, '2023-01-27 13:01:11.245126', 'html_body5', 'false', 'false', 'true', '2023-03-27 13:01:11.245126',
        '2023-01-27 13:01:11.245126', 103, 106),
       (129, '2023-01-27 13:01:11.245126', 'html_body5', 'false', 'false', 'true', '2023-02-27 13:01:11.245126',
        '2023-01-27 13:01:11.245126', 103, 107),
       (130, '2023-01-27 13:01:11.245126', 'html_body5', 'false', 'false', 'true', '2023-03-27 13:01:11.245126',
        '2023-01-27 13:01:11.245126', 105, 106),
       (131, '2023-01-27 13:01:11.245126', 'html_body5', 'false', 'false', 'true', '2023-03-27 13:01:11.245126',
        '2023-01-27 13:01:11.245126', 105, 107),
       (132, '2023-01-27 13:01:11.245126', 'html_body5', 'false', 'false', 'true', '2023-02-27 13:01:11.245126',
        '2023-01-27 13:01:11.245126', 107, 107),
       (133, '2023-01-27 13:01:11.245126', 'html_body5', 'false', 'false', 'true', '2023-03-27 13:01:11.245126',
        '2023-01-27 13:01:11.245126', 107, 103);

INSERT INTO "votes_on_questions"
("id", "persist_date", "vote", "question_id", "user_id")
VALUES (100, '2023-03-27 13:01:11.245126', 'up', 101, 101),
       (101, '2023-01-27 13:01:11.245126', 'up', 101, 102),
       (102, '2023-01-27 13:01:11.245126', 'down', 101, 103),

       (103, '2023-03-27 13:01:11.245126', 'down', 102, 101),
       (104, '2023-03-27 13:01:11.245126', 'up', 102, 102),
       (105, '2023-03-27 13:01:11.245126', 'up', 102, 103),

       (106, '2023-03-27 13:01:11.245126', 'up', 103, 101),
       (107, '2023-03-27 13:01:11.245126', 'up', 103, 102),
       (108, '2023-03-27 13:01:11.245126', 'down', 103, 103),

       (109, '2023-01-27 13:01:11.245126', 'down', 100, 101),
       (110, '2023-01-27 13:01:11.245126', 'up', 100, 102),
       (111, '2023-03-27 13:01:11.245126', 'up', 100, 103);




INSERT INTO "reputation"
("id", "count", "persist_date", "type", "answer_id", "author_id", "question_id", "sender_id")
VALUES (100, 15, '2023-01-19 15:21:03.527867', 0, null, 100, 100, 100),
       (101, 15, '2023-01-19 15:21:03.527867', 0, null, 101, 101, 101),
       (102, 15, '2023-01-19 15:21:03.527867', 0, null, 102, 102, 102),
       (103, 15, '2023-01-19 15:21:03.527867', 0, null, 103, 103, 103),
       (104, 15, '2023-01-19 15:21:03.527867', 0, null, 104, 104, 104),
       (105, 15, '2023-01-19 15:21:03.527867', 0, null, 100, 105, 100),
       (106, 15, '2023-03-19 15:21:03.527867', 0, null, 101, 106, 101),
       (107, 15, '2023-03-19 15:21:03.527867', 0, null, 102, 107, 102),
       (108, 15, '2023-03-19 15:21:03.527867', 0, null, 103, 108, 103),
       (109, 15, '2023-03-19 15:21:03.527867', 0, null, 104, 108, 104),
       (110, 15, '2023-03-19 15:21:03.527867', 0, null, 100, 110, 100),
       (111, 15, '2023-03-19 15:21:03.527867', 0, null, 101, 111, 101),
       (112, 15, '2023-03-19 15:21:03.527867', 0, null, 102, 112, 102),
       (113, 15, '2023-03-19 15:21:03.527867', 0, null, 103, 113, 103),
       (114, 15, '2023-03-19 15:21:03.527867', 0, null, 104, 114, 104);


INSERT INTO "question_viewed"
("id", "persist_date", "question_id", "user_id")
VALUES (100, '2023-01-19 15:21:03.527867', 100, 101),
       (101, '2023-01-19 15:21:03.527867', 100, 102),
       (102, '2023-01-19 15:21:03.527867', 100, 103),

       (103, '2023-01-19 15:21:03.527867', 101, 101),
       (104, '2023-01-19 15:21:03.527867', 101, 102),
       (105, '2023-01-19 15:21:03.527867', 101, 103),

       (106, '2023-03-19 15:21:03.527867', 102, 101),
       (107, '2023-03-19 15:21:03.527867', 102, 102),
       (108, '2023-03-19 15:21:03.527867', 102, 103),

       (109, '2023-03-19 15:21:03.527867', 103, 101),
       (110, '2023-03-19 15:21:03.527867', 103, 102),
       (111, '2023-03-19 15:21:03.527867', 103, 103),

       (112, '2023-03-19 15:21:03.527867', 106, 101),
       (113, '2023-03-19 15:21:03.527867', 106, 102),
       (114, '2023-03-19 15:21:03.527867', 106, 103),

       (115, '2023-01-19 15:21:03.527867', 106, 104),
       (116, '2023-01-19 15:21:03.527867', 106, 105),
       (117, '2023-01-19 15:21:03.527867', 106, 106);